place,place_name
3,중랑센터
5,상암센터 정비실
101,(구)합정동 주민센터
102,망원역 1번출구 앞
103,망원역 2번출구 앞
104,합정역 1번출구 앞
105,합정역 5번출구 앞
106,합정역 7번출구 앞
107,신한은행 서교동금융센터점 앞
108,서교동 사거리
109,제일빌딩 앞
110,사천교
111,상수역 2번출구 앞
112,극동방송국 앞
113,홍대입구역 2번출구 앞
114,홍대입구역 8번출구 앞
115,사루비아 빌딩 앞
116,일진아이윌아파트 옆
117,홍은사거리
118,광흥창역 2번출구 앞
119,서강나루 공원
120,신수동 사거리
121,마포소방서 앞
122,신성기사식당 앞
123,문화촌 공원
124,서강대 정문 건너편
125,서강대 남문 옆
126,서강대 후문 옆
127,현대벤처빌 앞
128,신촌역(2호선) 1번출구 옆
129,신촌역(2호선) 6번출구 옆
130,신촌역(2호선) 7번출구 앞
131,증산2교
133,해담는다리
134,연세로 명물길
135,명물길 원형무대 앞
136,대흥동 주민센터
137,NH농협 신촌지점 앞
138,신촌동 제1공영주차장 앞
139,연세대 정문 건너편
140,이화여대 후문
141,연대 대운동장 옆
142,아현역 4번출구 앞
143,공덕역 2번출구
144,공덕역 8번출구
145,공덕역 5번출구
146,마포역 2번출구 뒤
147,마포역 4번출구 뒤
148,용강동 주민센터 앞
150,서강대역 2번출구 앞
151,망원1동주민센터
152,마포구민체육센터 앞
153,성산2교 사거리
154,마포구청역
155,가좌역1 번출구 뒤
156,서울서부지방법원 앞
157,애오개역 4번출구 앞
158,독립문 어린이 공원
159,이대역 4번 출구
160,북아현동 가구거리
161,무악재역1번 출구
162,봉원고가차도 밑
163,명지전문대학교 정문 앞
164,북가좌1동 주민센터
165,중앙근린공원
166,가재울 초등학교
167,연가초등학교 옆
169,북가좌 삼거리
170,가재울 뉴타운 주유소 옆
171,임광빌딩 앞
172,서대문소방서
173,서대문역 8번출구 앞
175,홍연2교옆
176,명지대학교 도서관
177,북가좌 초등학교
178,증산3교 앞
179,가좌역 4번출구 앞
180,충정로역 7번출구 아래
181,망원초록길 입구
182,망원2빗물펌프장 앞
183,하늘채코오롱아파트 건너편
184,SK망원동주유소 건너편
185,마포 신수공원 앞
186,월드컵공원
188,홍은동 정원여중 입구
191,정명학원
192,연서어린이공원
194,증산교 앞
195,모래내고가차도
196,연희교차로 인근
198,충정2교
199,서울 월드컵 경기장
200,국회의원회관
201,진미파라곤 앞
202,국민일보 앞
203,국회의사당역 3번출구 옆
204,국회의사당역 5번출구 옆
205,산업은행 앞
206,KBS 앞
207,여의나루역 1번출구 앞
209,유진투자증권빌딩 앞
210,IFC몰
211,여의도역 4번출구 옆
212,여의도역 1번출구 옆
213,KT앞
214,금융감독원 앞
215,여의도고교 앞
216,삼부아파트1동 앞
217,NH농협은행 앞
218,증권거래소 앞
219,롯데캐슬엠파이어 옆
220,미성아파트 A동 앞
221,여의도초교 앞
222,시범아파트버스정류장 옆
223,진주아파트상가 앞
224,롯데캐슬 앞
225,앙카라공원 앞
226,샛강역 1번출구 앞
227,양평2나들목 보행통로 입구
228,선유도역 3번출구 앞
229,양평1 보행육교 앞
230,영등포구청역 1번출구
231,남부고용노동지청 남측
232,양평우림 이비즈센타 앞
233,YP 센터 앞
234,영등포구민체육센터 앞
235,신길동 우리은행 옆
236,문래동자이아파트 앞
237,보라매 두산위브 건너편
238,제2구민체육센타 앞
239,유스호스텔 앞
240,문래역 4번출구 앞
241,신길우성1차아파트 앞 공원
242,신길선원가와인아파트 앞
243,이앤씨드림타워 앞
244,영등포삼환아파트 앞
245,삼성생명 당산사옥 앞
247,당산역 10번출구 앞
248,초원아파트 앞
249,여의도중학교 옆
250,대림아파트 사거리
251,서울지방병무청 버스정류장
252,보라매역4번출구
253,신풍역 5번출구 인근
254,도림신협 앞
255,도림4거리
256,동아에코빌입구
257,신길삼거리(우리은행)
258,신길역3번출구
259,대방역6번출구
260,여의도 마리나선착장 앞
262,영문초등학교 사거리
263,근로자회관 사거리
264,교보생명보험 앞
265,영등포유통상가 사거리
266,영등포청과시장 사거리
267,삼성화재 사옥 옆
268,그랜드컨벤션센터 앞
270,증권거래소후문교차로
271,샛강생태공원방문자센터 앞
272,당산육갑문
274,영등포역지하쇼핑센타 5번출구
275,신동아아파트
276,SK 영등포주유소
277,영등포뉴타운지하상가 2번게이트
278,쌍용플레티넘오피스텔
279,영등포 푸르지오 아파트
280,양평동6차현대아파트 앞
281,신동아아파트 앞
282,신한은행
283,아크로타워 스퀘어(영등포시장)
284,센트럴 푸르지오 시티 앞
285,대림3동사거리(하나은행)
286,우성아파트 교차로
287,영등포전화국사거리 (서강어린이공원)
288,쌍용예가(구청별관)
289,대림3동사거리
290,당산동 SK V1 빌딩
291,문래동 하이테크 시티
292,영일 어린이공원
293,충북 미래관
300,정동사거리
301,경복궁역 7번출구 앞
302,경복궁역 4번출구 뒤
303,광화문역 1번출구 앞
304,광화문역 2번출구 앞
305,종로구청 옆
306,광화문역 7번출구 앞
307,서울역사박물관 앞
308,광화문 S타워 앞
309,광화문역 6번출구 옆
310,청계광장 옆
311,서울광장 옆
312,시청역 1번출구 뒤
313,서울역 광장 파출소 옆
314,국립현대미술관
315,신한은행 안국역지점 옆
316,종각역 1번출구 앞
318,광교사거리 남측
320,을지로입구역 4번출구 앞
321,KEB 하나금융그룹 명동사옥 옆
322,명동성당 앞
324,신세계백화점 본점 앞
326,안국역 5번출구 앞
327,낙원상가 옆
328,탑골공원 앞
329,청계2가 사거리 옆
330,청계천 한빛광장
331,을지로2가 사거리 북측
332,을지로2가 사거리 남측
334,종로3가역 2번출구 뒤
335,종로3가역 15번출구 앞
336,티마크 호텔 앞
337,창경궁 입구
338,세운스퀘어 앞
339,종로4가 사거리
340,혜화동 로터리
341,혜화역 3번출구 뒤
342,대학로 마로니에공원
343,예일빌딩(율곡로) 앞
344,성균관대 E하우스 앞
345,서울보증보험본사 앞
346,맥스타일 앞
347,동대문역사문화공원역 9번출구 앞
348,독립문역 사거리
349,사직동주민센터
351,청운초교 앞 삼거리
352,중앙고입구 삼거리
353,재동초교 앞 삼거리
354,포르투갈 대사관 앞
355,서울사대부속초교 앞
356,KT혜화지사 앞
358,성대입구 사거리
359,원남동사거리
361,동묘앞역 1번출구 뒤
362,청계8가 사거리
363,신설동역 11번출구 뒤
364,창신역 1번출구 앞
367,독립문역 3-1번출구
368,SK 서린빌딩 앞
369,광화문 시민열린마당
371,동대입구역 6번출구 뒤
372,약수역 3번출구 뒤
373,청구 어린이공원
374,청구역 2번출구 앞
375,다산 어린이공원
378,청계7가 사거리
379,서울역9번출구
380,CJ제일제당 앞
381,장충체육관
382,약수역 10번출구 앞
383,신당역 12번 출구 뒤
384,종로학원본원
385,종각역 5번출구
386,올림픽기념 국민생활관 앞
387,훈련원공원주차장 앞
388,동성중학교 앞
389,을지로4가역 1번출구
390,충무로역 1번출구
391,정동길입구
393,동대문역 8번 출구
394,경희궁 자이 3단지
395,경희궁 자이 2단지
397,종묘공영주차장 건너편
398,을지로3가역 3번출구
399,서울역 센트럴 자이아파트
400,상암한화오벨리스크 1차 앞
401,상암월드컵파크 10단지 앞
402,상암월드컵파크 9단지 앞
403,부엉이공원 앞
405,DMC빌 앞
406,상암월드컵파크 7단지 앞
407,마포구 육아종합지원센터
408,LG CNS앞
409,누리꿈스퀘어 옆
410,상암중학교 옆
411,DMC홍보관
412,DMC산학협력연구센터 앞
413,상암월드컵파크 3단지 후문
414,상암동주민센터 옆
415,DMC역 9번출구 앞
416,상암월드컵파크 1단지 교차로
417,DMC역 2번출구 옆
418,월드컵경기장역 3번출구 옆
419,홈플러스 앞
420,서울시 공공자전거 상암센터
421,마포구청 앞
422,문화비축기지
424,롯데하이마트 (상암월드컵점)
425,DMC첨단산업센터
426,서울신용보증재단
427,성산시영아파트
428,명보사거리
429,송도병원
430,KEB하나은행 장충동지점
431,청계천 영도교
432,마포중앙도서관
433,을지로입구역 2번출구
434,신당 레미안 버스정류장
435,SK 남산빌딩
436,이대역 5번출구
437,대흥역 1번출구
438,성산2-1 공영주차장
439,마포어린이공원
446,상명대입구
447,신영동삼거리
449,일성아파트
450,효자동 삼거리
451,청와대앞길
452,동대문 종합시장 버스정류장
453,종로오가 지하쇼핑센터 14번출구
454,종로2가 버스정류장 (종각방향)
455,삼익한의원
456,숭인2동 주민센터 입구 (이강3대냉면)
457,종로꽃시장 입구 옆
458,광화문역 5번출구
461,서울지방경찰청
500,어린이대공원역 3번출구 앞
501,광진구의회 앞
502,뚝섬유원지역 1번출구 앞
503,더샵스타시티 C동 앞
504,신자초교입구교차로
505,자양사거리 광진아크로텔 앞
506,금호 어울림 아파트 앞
507,성수아이에스비즈타워 앞
508,성수아카데미타워 앞
509,이마트 버스정류소 옆
510,서울숲 남문 버스정류소 옆
511,서울숲역 4번 출구 옆
512,뚝섬역 1번 출구 옆
513,뚝섬역 5번 출구 정류소 옆
514,성수사거리 버스정류장 앞
515,광양중학교 앞
516,광진메디칼 앞
518,청계천 박물관 앞
519,양지사거리
520,상왕십리역 4번 출구 앞
521,왕십리역 11번 출구 앞
522,금호역 1번출구 앞
523,옥수동성당 옆
524,래미안금호하이리버 아파트 102동 옆
525,한양대병원사거리
526,용답토속공원 앞
529,장한평역 8번 출구 앞
530,청계벽산아파트 앞
533,우리은행 금호동 지점 앞
534,금호사거리
535,응봉삼거리
536,행당역 2번출구 앞
537,한양대후문역 부근
538,답십리역 8번출구 앞
539,군자교교차로
540,군자역 7번출구 베스트샵 앞
542,강변역 4번출구 뒤
543,구의공원(테크노마트 앞)
544,광남중학교
546,잠실대교북단 교차로
548,자양나들목
549,아차산역 3번출구
550,서울시설공단 앞
551,구의삼성쉐르빌 앞
552,대림아크로리버 앞
553,중곡 성원APT 앞
555,구의3동주민센터
556,달맞이공원
557,도선동 주민센터 앞
558,성동광진 교육지원청 앞
559,왕십리역 4번 출구 건너편
560,비전교회 앞
561,서울숲역 2번출구 앞
562,군자지하보도 앞
563,성동세무서 건너편
564,금호역 3번출구
565,옥수역 3번출구
567,성수역 2번출구 앞
568,청계8가사거리 부근
569,응봉현대아파트 정류소
571,어린이대공원역6번출구
572,국립정신 건강센터 앞
573,구의문주차장 앞
574,아차산역4번출구
575,중앙농협 중곡지점
576,광나루역 3번 출구
577,광진청소년수련관
578,성동세무서 부근
579,마장역 4번출구
580,신금호역 3번출구 뒤
581,용답초등학교
582,경일중학교 앞
583,청계천 생태교실 앞
584,광진광장 교통섬
585,성수2가1동 공영주차장 인근
586,마장동 주민센터
587,유니베라 앞
588,뚝섬 유원지역
589,성수역3번출구
590,건국대학교 (입학정보관)
591,건국대학교 (행정관)
592,건국대학교 학생회관
593,자양중앙나들목
594,중랑물재생센터(서울새활용플라자)
600,휘경2동 주민센터
601,용신동주민센터
602,장안동 사거리
604,답십리초등학교 옆 공원
605,신설동역8번출구
606,휘경공고앞
607,신이문역 2번출구
608,전농삼성아파트
609,제기2교
610,동대문중 교차로
612,시립동부병원 앞 사거리
613,신설동역 10번출구 앞
614,용두동 사거리
615,용두동 레미안허브리츠아파트 앞
616,서울시립대 앞
617,청솔우성아파트 앞
621,동대문중학교 옆
622,전농사거리 교통섬
623,서울시립대 정문 앞
624,전농동 동아아파트 앞
625,답십리초등학교 앞(현대시장 옆)
626,군자교 서측 녹지대
627,장안동삼거리 교통섬
628,휘봉고등학교 앞
630,동대문구 보건소
631,답십리역 1번출구
633,청량리 기업은행 앞
634,외국어대 정문 앞
635,시조사 앞 (청량고정문 옆)
636,세종대왕기념관 교차로
637,KAIST 경영대학 앞
638,서울시립대 정보기술관
639,서울시립대 후문
640,KEB하나은행 청량리역지점
641,용두역 4번출구
642,신답역 사거리
643,동대문구민체육센터 (육교아래)
646,장한평역 1번출구 (국민은행앞)
647,신이문역 1번출구
648,장안동위더스빌옆
650,중랑교사거리
651,우리은행청량리지점앞
652,답십리 래미안엘파인아파트 입구
654,전농동 텃골공원
656,영휘원 교차로
657,동대문롯데캐슬아파트 앞
658,촬영소 사거리
659,제기역1번출구
660,동의보감타워
661,경희대학교 청운관
663,외대앞역 4번출구
700,KB국민은행 염창역 지점 앞
701,목동사거리 부근
702,목4동주민센터 옆
703,오목교역 7번출구 앞
704,남부법원검찰청 교차로
706,신정네거리역
707,신정3동주민센터
708,서울출입국관리사무소 앞
709,신정3동 현장민원실 앞
710,서부화물트럭터미널 사거리
711,신일해피트리아파트 앞
712,강월초교입구 사거리
713,양서중학교 옆
714,한국SGI 양천문화회관 앞
716,신정6동 주민센터 인근
719,홍익병원앞 교차로
720,서울강월초등학교 앞
722,LG전자베스트샵 신정점
723,SBS방송국
724,계남공원 입구 주출입구 좌측
725,양강중학교앞 교차로
726,목동3단지 시내버스정류장
729,서부식자재마트 건너편
731,서울시 도로환경관리센터
732,신월동 이마트
733,신정이펜하우스314동
734,신트리공원 입구
735,영도초등학교
736,오솔길공원
737,장수공원
739,신월사거리
740,으뜸공원
741,화곡로 입구 교차로
742,등촌역 5번 출구 뒤
743,현대6차아파트 101동 옆
744,신목동역 2번 출구
745,강서초등학교
746,목동2단지 상가
747,목동3단지 상가
748,목동운동장
749,이대 목동병원 앞
750,연의근린공원 건너편
752,성원2차 아파트
754,목동1단지아파트 118동 앞 (월촌초등학교 정류소 옆)
755,목동1단지아파트 상가 앞 (월촌중학교 버스정류소 옆)
756,목동주차장
757,신정이펜하우스 1단지아파트 입구 사거리
758,한사랑교회 앞
759,보아스아파트 앞
760,잣절보도육교 아래
762,오목로 무중력지대 앞
763,목동11단지 아파트
764,목동청소년수련관
800,목월공원 앞
802,한강진역 2번 출구 앞
803,한남초교 앞 보도육교
806,전자랜드 본관 앞
807,서울역 12번 출구 앞
808,서빙고동 금호맨션 앞
809,한남 유수지 복개주차장
810,이태원지하보도
811,녹사평역1번출구
812,용산전쟁기념관
813,삼각지역 3번출구
815,LIG강촌아파트 103동앞
816,신용산역 6번출구 앞
817,삼각지역 4번출구 앞
818,숙명여대 입구 교차로
819,선린인터넷 고등학교
820,청파동입구 교차로
822,이촌1동 마을공원
823,효창동주민센터 앞
825,서빙고동 주민센터 앞
826,서울역 서부교차로2
827,국군복지단
828,숙대입구역 8번
829,베르가모앞
830,청암자이아파트앞
831,이태원관광특구입구
832,이촌1동 주민센터 뒤
834,효창공원앞역 3번출구 뒤
835,남영역 건너편
836,현대자동차서비스 앞
837,한남나들목 입구
838,숙대입구역 4번출구
839,보광동 삼성리버빌아파트 앞
840,용산 파크타워 앞
841,신용산역 1번 출구
843,녹사평역 광장
844,이촌2동 동원베네스트 아파트 앞
845,용산 선인상가
846,용산중학교
900,은평예술회관
901,응암1동사무소
902,진관동 은빛초등학교
903,은평뉴타운 아이파크
904,은평뉴타운 푸르지오
905,구파발역 2번출구
906,연신내역 5번출구150M 아래
907,CJ 드림시티
908,구산역 4번출구
909,백련산 힐스테이트 3차
911,은평평화공원(역촌역4번출구)
912,응암오거리
913,이마트 은평점
914,새절역 2번출구
915,증산역 4번출구
916,평생학습관 앞
917,녹번역 4번출구
919,서울혁신파크
921,신도고등학교
922,연신내역 4번출구
923,국민은행 연서지점
924,메뚜기다리
925,불광역 2번출구
926,불광역 8번출구
927,연신내역 3번출구 인근
928,은평역사한옥박물관
930,구 서부경찰서 건너편
931,역촌파출소
932,예일여중
933,LG서비스 역촌점
934,신사동 성당
935,역촌역 1번 출구
937,상림마을 롯데캐슬2단지 옆
938,금암 문화공원
939,은평구청 교차로
941,은평뉴타운 도서관
942,상림마을 생태공원
943,은평구청 보건소
945,기자촌 사거리
946,독바위역
947,연신내 선일하이츠빌 정류소
948,디지털미디어 시티역 4번출구
949,연신내역 1번 출구
950,구산역 2번 출구
951,연신내역 6번출구옆
952,서울연신중학교
953,서울연신초등학교
954,은평뉴타운구파발9단지
956,응암시장교차로
958,신한은행 응암동 지점 앞
959,구파발10단지 인근
960,구파발역 환승센터
961,불광역 9번 출구
962,은평뉴타운 힐데스하임
963,대호프라자아파트
964,북한산힐스테이트 7차아파트
965,서울특별시 은평병원
966,서울혁신파크1
967,서울혁신파크2
968,은평뉴타운 상림마을 13단지
969,은평 지웰테라스
971,역촌 센트레빌 아파트
1001,광진교 남단 사거리(디지털프라자앞)
1002,해공공원(천호동)
1003,해공도서관앞
1004,삼성광나루아파트 버스정류장
1006,롯데캐슬 115동앞
1007,암사동 선사유적지
1008,암사역 3번출구(국민은행앞)
1009,천호역4번출구(현대백화점)
1010,강동세무서
1011,LIGA 아파트 앞
1012,서울 상운차량
1013,강동구청역 1번 출입구
1014,강동구평생학습관앞
1015,샛마을 근린공원
1016,해뜨는 주유소옆 리엔파크 109동앞
1017,맥도날드(길동)
1018,둔촌 주공 GS 맞은편
1019,다성이즈빌아파트(호원대 대각선 맞은편)
1020,강동경찰서
1021,강일동 리슈빌 빌딩앞
1022,길동 사거리(초소앞)
1023,한국종합기술사옥 앞
1024,강동구청 앞
1025,상일초등학교
1026,대명초교 입구 교차로
1027,프라자 아파트 앞
1028,포레스 주상복합 빌딩
1029,롯데 시네마
1030,미호 플랜트 앞
1031,암사동 CBIS
1032,선사고등학교
1033,고덕동 아남아파트
1034,고덕동 래미안 힐스테이트
1035,고덕역 4번출구
1036,고덕동 주양쇼핑
1037,강일 6단지
1038,강일 다솜 어린이 공원
1039,고덕초등학교
1041,묘곡초등학교
1042,강일 25단지 사이
1044,굽은다리역
1047,건강보험 강동지사kt
1048,동부기업(둔촌동)
1049,강일동 10단지 아파트
1050,둔촌역 3번 출입구
1051,양지시장 (용성약국앞) 입구
1052,리싸이클시티
1053,동명근린공원 진입로 (아리수로)
1054,말우물 어린이 공원
1056,강일리엔파크 7~11단지
1057,능골근린공원
1058,고덕숲 아이파크 1
1059,레미안 강동팰리스(102동)
1060,천일초교 사거리
1061,천호초교 입구 사거리(일주빌딩)
1062,고덕숲 아이파크 2
1101,개화동상사마을종점 버스정류장
1102,방화사거리 마을버스 버스정류장
1103,방화역 4번출구앞
1105,방화근린공원
1106,신방화사거리
1108,공항시장역 1번출구
1109,공항시장역 4번출구
1110,공항중학교앞
1111,마곡엠밸리6_7단지 마곡중학교
1112,마곡엠밸리4단지 정문
1113,서남환경공원 버스정류장
1114,서남물재생센터 버스정류장
1115,등촌역 1번출구옆
1117,스타벅스앞
1118,증미역 3번출구뒤(등촌두산위브센티움오피스텔)
1119,염창동 한마음아파트앞(염창동 빛나는 음악학원앞)
1120,대림경동아파트앞
1121,가양레포츠센터앞
1122,황금내근린공원
1124,발산역 6번출구옆(다이소앞)
1125,명덕고교입구(영종빌딩)
1126,우장산역 1번출구옆(우장산아이파크105동앞)
1127,화곡역(에이스정형외과앞) 버스정류장
1128,화곡역 6번출구
1129,화곡역 1번 출구 앞
1130,화곡본동시장 버스정류장
1131,꿈돌이공원 앞
1132,등촌역 7번출구
1135,강서구의회
1136,등촌2파출소
1137,등촌2동주민센터
1139,용문사 버스정류장
1140,목동사거리 버스정류장
1141,곰달래 문화복지센터 1-1
1145,곰달래 문화복지센터 1-2
1146,곰달래사거리
1148,볏골공원
1149,신방화역환승주차장
1150,송정역 1번출구
1151,마곡역1번출구
1152,마곡역교차로
1153,"발산역 1번, 9번 인근 대여소"
1155,기쁜우리복지관
1157,강서구청
1158,가양역 8번출구
1159,서서울모터리움앞
1160,양천향교역 7번출구앞
1161,강서면허시험장앞
1162,공항초등학교건너편
1163,방화동강서기동대앞
1165,마곡중학교 후문
1166,강서구립등빛도서관
1167,마곡수명산파크3단지 교차로
1168,마곡엠밸리10단지 앞
1169,염창역 1번 출구
1170,강서구보건소 (삼성디지털 프라자)
1171,염창동 새마을금고 건너편 (모닝글로리)
1172,가양3동 주민센터
1173,강서구청사거리(SH타워)
1174,강서구청사거리(부민병원)
1175,대한항공 인력개발센터
1177,수명중?고교
1178,개화산역 2번 출구
1180,마곡엠밸리 15단지(1502동) 건너편
1181,농수산식품공사 (강서지사)
1182,KBS 스포츠월드
1183,KC 대학교
1184,마곡13단지
1185,등촌9단지
1186,송정중학교
1187,강서수산물도매시장
1188,롯데중앙연구소
1190,마곡역 교차로(2번출구)
1191,마곡역 교차로(NH농협)
1192,마곡수명산파크 209동 건너편
1193,마곡센트럴타워 1차
1194,센서텍㈜
1195,코오롱One&Only타워
1196,서울식물원(문화센터) 건너편
1197,엘펠리체 호텔 건너편
1198,LG 사이언스파크
1199,우장산역 3번출구
1200,개화광역환승센터
1201,가락시장역 3번 출구
1203,밀리아나2빌딩 앞
1204,거여역 3번출구
1205,종합운동장역 4번출구
1206,9호선종합운동장역 9번출구
1207,마천CU우방점 앞
1208,풍납현대아파트쉼터
1209,잠실나루역 (2번 출구 쪽)
1210,롯데월드타워(잠실역2번출구 쪽)
1211,방이삼거리
1212,송파역 2번 출구앞
1213,백토공원 앞
1214,오금역 7번 출구 인근
1215,올림픽공원역 1번출구 앞
1217,송파파인타운 7단지
1218,방이역 4번출구
1220,잠실본동주민센터뒤 잠실근린공원
1221,삼전사거리 포스코더샵
1222,잠실새내역 5번 출구 뒤
1224,아시아지하보도 2번 출구
1226,잠실4동 주민센터 옆
1227,거여역 8번출구 뒤
1228,마천사거리
1229,송파체육문화회관 앞
1230,송파중학교 정문
1231,잠실역 6번출구
1232,롯데마트 주차장 옆
1233,잠실3거리(갤러리아팰리스)
1235,잠실트리지움310동 옆
1239,문정 법조단지3
1240,문정 법조단지4
1241,문정 법조단지5
1242,문정 법조단지6
1243,문정 법조단지7
1244,문정 법조단지8
1245,문정 법조단지9
1246,문정 법조단지10
1247,문정 법조단지11
1248,방이초등학교
1249,아주중학교건너편
1250,문정2동 주민센터
1251,석촌역 2번출구
1253,오금역 3번 출구 뒤
1256,문정현대아파트 교차로
1257,가락시장역 롯데마트앞
1258,가락미륭아파트 앞
1259,방이역 1번출구
1260,방이동 한양3차아파트 옆
1262,송파여성문화회관 앞
1263,장지공영차고지
1264,천호역 10번 출구 앞
1265,문정동 근린공원
1266,문정동 글샘 공원
1267,올림픽공원 남2문 앞
1268,몽촌토성역 1번출구 옆
1269,리센츠아파트
1271,송파도서관
1274,영파여고 앞
1275,거여초등학교 옆
1277,오금동 송파 참병원
1278,송파구청 교차로
1279,마천금호어울림 1차아파트 건너편
1280,송파파크데일 2단지입구 앞 주차장
1282,송파소방서 맞은편(성내4교)
1283,오금공원 사거리
1285,위례별 유치원 뒤
1286,위례중앙푸르지오 1단지 앞
1287,위례아이파크 101동 맞은편
1288,문정중교 사거리
1289,풍납동 자전거보관소
1290,위례송파꿈에그린아파트24단지 앞 성벽 다리 밑
1291,서울체육고등학교 앞
1293,석촌호교차로 (스타벅스 앞)
1295,잠실역 8번출구
1296,석촌호수교차로 (송파나루근린공원 앞)
1297,석촌호수교차로(동호 팔각정 앞)
1299,송파소방서 (방이119안전센터)
1300,오륜사거리
1302,한성대입구역6번출구 뒤
1303,돈암초교 입구
1304,만해공원
1305,성북구청
1306,한성대입구역2번출구
1308,안암로터리 버스정류장 앞
1313,정릉교회 앞
1314,정릉꿈에그린1단지 201동 앞
1315,고려사대부속중고 정문
1316,고려사대부속중고 건너편
1318,길음역 3번출구 뒤
1319,종암사거리 분수대
1320,LG베스트샵 종암점
1321,국민은행 종암동지점 앞
1322,래미안라센트아파트 103동 앞
1323,월곡역 입구 육교 밑
1325,상월곡역 4번출구
1326,상월곡역 1번출구
1327,상월곡역 3번출구
1328,월곡역 3번출구
1332,석계역 5번출구 건너편
1333,석관초등학교 앞
1334,석관동주민센터 앞
1336,성북3교 위
1337,돈암성당 옆
1338,용문2교 옆
1339,삼성전자서비스 성북센터
1340,광운초등학교 앞
1342,성북쉼터 앞
1343,한성대7번출구 앞
1344,아리랑시네센터 앞
1346,길음8골어린이공원 옆
1347,길음래미안아파트817동 상가 앞
1348,성북제일새마을금고 본점 앞
1349,월계2교 버스정류장 앞
1351,안암2교 옆
1352,e 편한세상 보문아파트 내
1353,금호어울림센터힐 내
1354,고려대학교 2번출구
1355,보문2교
1357,북한산보국문역
1358,정릉도서관 앞
1359,장위뉴타운 꿈에 숲 코오롱 하늘채 앞
1360,정릉역
1361,홍익중고 입구
1362,보문역6번출구 앞
1363,보문4교 인근
1364,성북동 치안센터 앞
1365,선잠단지 앞
1366,일신초등학교 옆
1367,길음문화복합미디어센터
1368,성신여대입구 교차로
1369,미아사거리
1370,복자사랑 피정의 집
1372,KEB은행 고대점
1373,성북구보건소 건너편
1375,생명의 전화 종합복지관 앞 교차로
1401,극동늘푸른아파트
1402,금란주차장 앞
1403,중화빌딩 앞 (동부시장)
1404,동일로 지하차도
1405,망우역 1번출구
1406,망우청소년수련관
1407,먹골역 1번출구 뒤
1408,먹골역 6번출구 앞
1410,면목 대원칸타빌아파트
1411,상봉시장앞 교차로 한성빌딩 앞
1412,면목초등학교
1413,봉화산역 5번출구 뒤
1414,사가정역 1번출구
1416,상봉역 3번출구
1418,새솔초등학교
1420,신내어울공원 앞
1421,신내역 4번출구
1422,신내우디안아파트 1단지
1424,양원역 2번출구
1425,용마문화복지센터
1426,면목도시개발아파트 1동 앞
1427,용마산역 1번출구
1428,원묵고등학교
1429,장안중학교
1430,중랑구청
1431,중랑구청 사거리
1433,중화역 2번출구
1434,홈플러스 면목동점
1435,능산삼거리
1436,영풍마드레빌
1437,늘푸른공원 앞
1438,홈플러스 신내점 앞
1440,하나은행 면목지점
1441,신내능말공원
1442,(구)신한은행 중랑교지점
1443,구립망우청소년독서실
1444,면목4치안센터
1445,용마지구대
1446,중랑전화국 교차로
1447,면목역 3번출구
1448,코스트코 상봉점
1449,상봉역 1번출구
1450,화랑대역 7번출구
1451,중랑세무서
1452,겸재교 진입부
1453,중랑캠핑숲
1454,한국전력공사(동대문 중랑지사)
1455,상봉역 2번 출구
1456,상아빌딩(우림시장 교차로)
1457,동원사거리
1458,상봉터미널2
1459,용마한신아파트사거리
1501,"미아역 3번,4번 출구 사이"
1503,이디야 커피 수유역점 앞
1504,다이소 삼양시장점
1506,강북문화예술회관
1509,서울북부수도사업소
1510,번동주공5단지 관리사무소 앞
1511,번동 금호어울림아파트102동앞
1512,강북중학교 앞
1513,강북구청 뒷편
1514,강북구청 사거리 버스정류소 앞
1515,송천동 주민센터
1516,우이초등학교 후문 옆
1518,SK telecom(수유직영점) 앞
1519,세븐일레븐 수유장미원점 앞
1520,성실교회
1522,월드전기조명인테리어(우이동)
1525,미아동 복합청사
1526,수유동 채선당앞
1527,미아역 1번 출구 뒤
1528,삼각산동 주민센터
1529,미아동 한국전력공사
1530,광산사거리
1531,미아사거리 1번 출구
1532,번3동 주민센터 교차로
1533,"번동 주공3, 4단지 교차로"
1534,북서울 꿈의 숲 동문
1535,효성인텔리안 앞
1536,번동 두산위브 101동 옆
1537,북한산 우이역
1538,솔밭공원역
1539,419민주묘지역
1540,가오리역
1541,삼양역
1542,삼양사거리역
1543,수유1동 주민센터
1545,솔샘역 2번 출구
1546,송천동우체국
1547,꿈의숲 롯데캐슬
1548,북서울 꿈의숲 서문
1601,석계역 문화광장 내 자전거 보관소
1602,광운대역 앞
1603,롯데캐슬 102동 코너(월계주유소건너)
1605,헬스케어
1606,태릉입구역 3번출구
1608,공릉역 1번 출구 앞
1610,화랑대역 2번출구 앞
1611,과기대 입구(우)
1616,하계2동 공항버스정류장 옆
1617,하계동 중평어린이공원 앞
1619,중계동 하나프라자빌딩 앞(중1-1)
1620,중계동 노원구민체육센터 옆(중1-2)
1623,노원 구민회관
1625,상계역(4번출구)
1627,수락산역 4번출구
1628,노일초등학교 앞
1630,수연빌딩 앞
1634,당고개공원 대여소
1635,상계34동 주민센터 대여소
1636,백병원 사거리 농협은행 앞
1637,KT 노원점 건물 앞
1639,희성오피앙
1640,한내근린공원 북측
1641,한내근린공원 남측
1642,서울여대 남문
1643,태릉입구역 8번출구
1646,삼육대 입구
1650,중계근린공원내
1651,맥도날드 상계점 앞
1652,파르코 앞
1653,노원역1번출구
1654,당고개입구 오거리
1655,공릉1단지아파트
1656,중앙하이츠 아파트 입구
1657,노원구청
1659,중계동 을지중학교
1660,서울시립과학관
1661,당현천근린공원
1662,노원역7번출구
1663,동해문화예술관앞
1664,노해근린공원내
1665,양지근린공원앞
1666,노원소방서인근
1667,중계중학교
1668,중계역 6번출구
1669,중계역 3번출구
1670,노원경찰서교차로
1671,인덕대학교
1672,상계동수락리버시티
1673,노원역?5번출구
1674,서울북부고용센터앞
1675,월계문화체육센터
1677,육군사관학교  앞
1678,성서대학교 밀알관
1679,삼육대 도서관
1680,삼육대 제3과학관
1681,현대6차 아파트
1682,중계종합사회복지관 교차로
1683,노원문화예술회관
1684,태릉입구역 5번출구
1685,불암고등학교 앞 횡단보도
1686,온수골사거리(스타벅스앞)
1688,마들역 7번출구
1689,마들역 3번출구
1690,도봉운전면허시험장
1691,노원정보도서관
1692,온곡초교 교차로
1693,원자력 병원
1702,녹천역 1번출구 앞
1703,도봉산광역환승센터앞
1705,도봉구청 정문앞
1706,기업은행 앞
1707,도봉구민회관
1708,보건소사거리(다비치안경창동점)
1709,쌍문역4번출구 주변
1712,창동역공영주차장앞
1713,쌍문동 청소년 랜드
1714,도봉문화정보도서관 삼거리
1715,서울특별시교육청도봉도서관
1716,하나로마트 창동점
1717,시립창동운동장 입구
1719,신도봉사거리 버스정류장
1720,도봉구청 옆(중랑천변)
1721,창동역 2번출구
1722,창동청소년수련관
1723,방학동학마을도서관
1725,창1동주민센터
1726,삼익세라믹아파트교차로
1727,서울도봉초등학교인근
1728,서울북부지방법원
1729,파리바게트앞
1730,도봉산역 교차로 앞
1731,도봉고등학교 맞은편
1732,우리은행 앞
1733,방학사거리 (봄마당 앞)
1734,쌍문현대1차아파트 108동 앞
1735,"도봉역 1,2번 출구사이 건너편"
1736,버스정류장 앞
1737,하나은행 (창동점)
1738,창동주공17단지 상가앞
1739,창동한신
1741,제일강산수산입구
1742,북한산 코오롱 하늘채
1804,독산역 2번출구 자전거주차장
1805,서울디지털운동장 앞
1806,에이스하이엔드타워9차 앞
1808,에이스하이엔드타워8차 앞
1809,LG전자 별관동(호서대 벤처타워 맞은편)
1812,갑을그레이트밸리 앞
1814,두산위브아파트 옆 상가건물 앞
1816,금천폭포공원 앞
1819,금천구청 앞 자전거거치대
1820,신한은행 시흥대로금융센터지점
1821,홈플러스 시흥점 맞은편 다비치안경 앞
1822,서울 시흥동우체국 앞
1823,상신정비공업 앞
1824,독산근린공원 입구
1825,한신아파트 앞 육교 아래
1826,한신코아 앞
1827,독산보도육교 앞 자전거 보관소
1828,한양수자인아파트 앞
1829,홈플러스 금천점 앞
1830,빅마켓 금천점 앞
1831,메이퀸웨딩컨벤션 앞
1833,독산역 1번출구 앞 자전거보관소
1834,월드메르디앙 벤처센터 2차
1835,STX V타워
1836,금천구립 독산도서관
1839,수출의 다리 아래
1840,솔브레인이엔지 뒤편
1841,가산동 주민센터
1842,한울중학교
1843,독산고등학교
1845,롯데캐슬골드파크1차 서문
1846,롯데캐슬골드파크1차 동문
1847,독산주공 14단지 버스정류소
1848,벽산 디지털밸리 5차
1849,대륭포스트타워5차
1850,코오롱테크노밸리
1851,가산디지털단지 7번출구
1852,혜명양로원 담장 옆
1853,서울디자인직업전문학교 앞
1854,가산아네스트 오피스텔 앞
1855,성지아파트 옆 도로변
1856,모두의학교
1857,주공14단지
1858,석수역1번출구 앞 (SK주유소)
1859,대륭테크노타운 18차
1901,신도림동주민센터 앞
1904,도림천역 1번 출구 앞
1906,신도림역 1번 출구 앞
1907,구일우성(아) 육교 밑
1908,해원리바파크 육교 밑
1910,낙원교회 맞은편
1911,구로디지털단지역 앞
1912,한신휴아파트 앞
1913,구로리공원
1914,대림역4번출구
1916,구로중학교앞
1920,서울미래초등학교 사거리
1924,삼부르네상스파크빌
1925,동양미래대학교 정문 옆
1928,고척스카이돔구장 광장
1929,고척근린공원 고척도서관 앞
1930,개봉지구대 개봉치안센터
1931,개봉역(북측광장)
1933,개봉푸르지오아파트 상가
1936,개봉역 1번 출구 자전거보관서쪽
1937,한진아파트 입구
1941,오류동역 2번출구
1943,온수역 북측
1946,구로역 광장
1951,천왕이펜하우스 4단지 상가 앞
1952,천왕연지타운2단지 앞
1953,천왕역 4번출구 뒤
1955,디지털입구 교차로
1956,도야미리숯불갈비 앞
1957,구일고등학교 정문
1958,강서수도사업소민원센터
1959,구로구의회 앞
1960,화광신문사 앞
1961,신도림테크노근린공원
1962,가리봉동주민센터
1964,원메디타운 앞
1965,삼환로즈빌아파트 105동 옆
1966,한마을아파트 정문상가
1967,참새공원(백곡경노당)
1968,동인오피스텔 건너편 소공원
1969,궁동생태공원
1971,오정초교 앞 보도육교
1973,오리로와 서해안도로 교차로 앞
1974,신도림2차e편한세상아파트 203동 앞
1975,대림역 1번 출입구 밑
1976,남구로역 5번 출입구 앞
1977,천왕역 1번 출입구 앞
1979,구로1동우체국 앞
1981,천왕이펜하우스5단지 앞
1983,구로동롯데아파트
1984,구로구청
1985,구로도서관
1986,태평양물산빌딩
1987,개봉아이파크아파트 앞
1988,고척LIGA아파트 앞
1991,오류동역 맞은편
1992,구로구배드민턴실내체육관 앞
1993,금강수목원아파트 앞
1994,삼성전자 물류센터 앞
1996,구일역 1번 출입구 앞
1998,고척교 교차로
1999,수궁동 성당 주변
2000,신도림4차 e편한세상 아파트 1109동 앞
2002,노들역 1번출구
2003,사육신공원앞
2007,유한양행앞
2008,노량진근린공원 대방공원
2009,보라매역 8번출구
2012,녹십초요양병원앞
2013,장승배기역 5번출구
2015,신대방삼거리역 6번출구쪽
2016,신대방삼거리역 3번출구쪽
2020,장승배기역2번출구뒷편쪽
2024,상도역 1번출구
2025,흑석역 1번출구
2026,흑석역 4번출구
2027,중앙대학교 정문
2032,이수역 11번출구쪽
2033,사당동 아르테스 웨딩앞
2034,사당역 7번출구쪽
2036,정금마을 마을버스정류장
2037,동작역 5번출구 동작주차공원
2038,동작역 7번출구
2040,비계 버스정류소
2041,사당중학교 버스정류소
2048,삼일초등학교 인근
2050,노량진역 5번출구
2054,삼익아파트
2056,동작구민 체육센터
2057,상도 아이파크 아파트
2058,노량진동 맥도널드앞
2059,보라매공원 정문
2060,남성역3번출구 뒤
2061,한강 현대아파트 건너편
2062,사당새마을금고
2063,대방역 4번출구
2064,흑석한강푸르지오 106동앞
2065,서울시여성가족재단
2066,양문교회 앞
2067,LG전자 베스트샾 대리점 앞
2068,총신대 앞(육교)
2069,숭실대 입구역3번 출구 앞
2070,노량진역 2번 출구 앞
2071,대림아파트 후문 상가 옆
2102,봉림교 교통섬
2103,신림동 우방아파트
2104,사당역 5번출구
2105,미성동 신림체육센터
2106,난곡 새마을금고
2107,도림천 신화교
2108,은천치안센터
2109,은천로입구 가로공원
2110,조원동 미성아파트
2111,서울대입구역 1번출구
2112,서울대입구역 마에스트로
2113,관악동작견인차량보관소
2115,관악농협농산물백화점
2116,에이스에이존빌딩
2119,중앙동 동진빌딩
2122,낙성대로 입구
2127,보성운수차고지 맞은편
2128,관악구청교차로
2129,낙성대 과학전시관
2130,영어마을 관악캠프
2135,신림역 5번출구
2136,신림역 8번출구
2137,KT&G 관악지점
2139,서울신성초등학교
2140,신림1교 교차로
2141,미림여고입구 교차로
2143,서울산업정보학교
2144,난우길입구
2145,은천초등학교 육교
2148,낙성대역 3번출구 뒤
2153,서울남부초등학교 옆
2156,농협 관악문성지점
2157,난곡 사거리
2159,인헌초교
2160,관악구 보건소
2164,관악우체국
2165,JK장평타워
2167,낙성대역 1번출구
2169,봉천역 2번출구
2170,조원동서울본병원
2171,서울대입구역 5번출구
2172,나들목공원
2173,당곡사거리
2174,삼성디지털프라자관악점
2175,신림동걷고싶은문화의거리입구
2176,보라매공원 보도육교
2177,신대방역 2번 출구
2178,서울대학교 정문
2179,양녕로 입구
2180,신림동주민센터
2183,동방1교
2184,구암초등학교 버스정류장
2201,본마을 정류소 앞
2202,청계산입구역 1번출구
2203,청계산입구역 2번출구
2205,내곡3단지 어린이공원 앞
2206,언남초등학교 앞
2207,내곡파출소 뒤 정자
2210,반포1동 주민센터 앞
2211,서초구립반포도서관 앞
2212,서초현대4차아파트 201동 맞은편
2213,고속터미널역 5번출구 앞
2214,신반포역 2번출구 앞
2215,반포종합운동장 입구
2217,아크로리버뷰 부지 앞
2219,"고속터미널역 8-1번, 8-2번 출구 사이"
2220,반포본동 주민센터 앞
2221,하나은행 방배동지점 앞
2222,사당역 12번출구 뒤
2223,방배래미안 정문 앞
2225,백석예술대학교 제3캠퍼스 앞
2226,신동아럭스빌아파트 앞
2227,방배열린문화센터 앞
2228,뒷벌공원 옆
2229,로고스교회 맞은 편
2230,이수역 4번 출구
2231,삼성타운(삼성생명) A동 맞은편
2233,서초신동아1차아파트 옆
2235,KT 서초지사 앞
2237,서울남부터미널 대합실 입구
2239,교대역 6번출구
2241,양재전화국 사거리
2242,양재역 11번 출구 앞
2243,서울가정법원
2244,교육개발원입구 교차로
2245,양재초등학교 맞은편
2246,서울시 품질시험소 앞
2247,섬들근린공원
2248,서초리슈빌S 글로벌 앞
2249,우솔초등학교 맞은편
2250,서초유치원 맞은편
2251,더케이호텔 입구(양재2)
2252,하이브랜드 앞
2255,시민의숲역 1번출구 옆
2256,양재동 꽃시장 입구
2257,하나로클럽 양재점 맞은편
2258,구룡사 삼거리
2259,잠원역 3번-4번 출구사이
2262,한신16차아파트 119동 앞
2263,바우뫼문화복지회관
2264,이수역 1번출구
2265,이수고가차도 남단
2266,서초역 3번출구
2268,서초4동주민센터
2269,주홍교 하부
2270,서초포레스타 7단지
2271,내방역 8번출구 앞
2272,교대입구 교차로
2273,일동제약 사거리
2274,양재시민의숲역 3번출구
2275,염곡치안센터 건너편
2276,영동1교 (양재천근린공원)
2277,길마중4교 하부
2279,교대역 5번출구뒤
2280,서울서초고용센터앞
2281,연세사랑병원신관앞
2282,방배래미안아트힐 101동앞
2283,그룹한빌딩옆
2284,CJ오쇼핑앞
2285,LH서초3단지 301동 맞은편
2286,탑성마을입구
2287,능안마을입구
2288,안골마을입구
2289,남태령역 2번출구
2290,서래마을파리15구공원앞
2292,무지개아파트 앞
2293,SPC 앞
2294,두상빌딩 앞
2297,남부터미널역 1번출구
2298,래미안서초스위트앞
2299,한전아트센터 앞
2301,현대고등학교 건너편
2302,교보타워 버스정류장(신논현역 3번출구 후면)
2303,논현역 7번출구
2304,신영 ROYAL PALACE 앞
2305,MCM 본사 직영점 앞
2306,압구정역 2번 출구 옆
2307,압구정 한양 3차 아파트
2308,압구정파출소 앞
2309,청담역(우리들병원 앞)
2310,청담동 맥도날드 옆(위치)
2311,학동로 래미안 아파트 앞
2312,청담역 13번 출구 앞
2313,금원빌딩 앞
2314,청담나들목입구
2315,봉은사역 5번출구 옆
2316,삼성역 8번출구
2317,삼성도로공원
2318,삼성중앙역4번출구(문화센터더 리빌)
2319,포스코4거리 서측(수협 삼성동 지점)
2320,도곡역 대치지구대 방향
2321,학여울역 사거리
2322,삼성역 3번 출구
2323,주식회사 오뚜기 정문 앞
2324,천주교 대치 2동 교회 옆
2325,대치동 버거킹대치점
2326,대치동 삼성로
2327,뱅뱅사거리 랜드마크타워 앞
2328,르네상스 호텔 사거리 역삼지하보도 7번출구 앞
2329,르네상스호텔사거리 역삼지하보도 2번출구
2330,스타벅스 앞
2331,동영문화센터앞
2332,선릉역3번출구
2333,양재역 3번출구 주변
2334,8삼호@ 2동 ( 간선도로)
2335,3호선 매봉역 3번출구앞
2336,강남세브란스교차로  래미안그레이튼 104동 앞
2337,대모산입구역 2번출구 앞
2339,현대아파트 정문 앞
2340,삼호물산버스정류장(23370) 옆
2341,일원역 4~5번 출구 사이
2342,대청역 1번출구  뒤
2343,세곡사거리 대왕파출소 앞
2344,리엔파크 2단지 앞
2347,두산건설 본사
2348,포스코사거리(기업은행)
2349,역삼빌딩 앞(하나은행 옆)
2350,래미안그레이튼102동앞
2351,청소년수련관(수영장)앞
2352,서울본부세관(건설회관 앞)
2353,강남구청역 2번출구 뒤
2354,청담역 2번출구
2355,삼성역 5~6번 출구 사이
2356,강남구청
2357,르네상스호텔사거리 역삼지하보도 3번출구 앞 (더 오번 빌딩 명동칼국수 앞)
2358,구룡초사거리 (현대아파트10동 앞 )
2359,"국립국악중,고교 정문 맞은편"
2360,도곡1동 주민센터 교차로
2361,압구정역 교차로
2362,신사동 가로수길 입구
2363,강남 을지병원 교차로
2364,도산대로 렉서스 앞
2365,K+ 타워 앞
2368,도곡동 경남아파트 건너편
2369,KT선릉타워
2370,한티역 3번출구
2371,한국우편사업진흥원
2372,대치역 사거리
2373,개포동역 사거리
2375,수서역 1번출구 앞
2376,수서역 6번출구 앞
2377,수서역 5번출구 뒤
2380,삼성동베이직하우스앞
2381,언주역 6번출구앞
2382,역삼동 sk뷰 501동앞
2383,보금자리정원
2384,자곡사거리
2385,학동역
2387,래미안강남힐즈 사거리
2388,강남구 도시관리공단
2389,경기여자고등학교 후문 (삼성로3길 입구)
2390,구룡마을 입구 (래미안블레스티지 아파트)
2391,구룡마을 입구(개포1단지아파트)
2392,구룡산 입구 (구룡산 서울둘레길 입구)
2395,개포1단지아파트 입구 (보도육교)
2396,영동3교 북단(우성캐릭터 앞 보도)
2398,더라움
2401,밀알학교 입구 (삼성서울병원 입구)
2403,공무원연금매점 교차로 (개포주공9단지 입구)
2404,대모산입구역 4번 출구 앞
2405,청담공원앞 교차로
2406,논현동 광명빌딩 앞
2407,역삼서초삼성 세무서 앞 (역삼빌딩 앞)
2408,강남한양수자인아파트
2409,역삼동 디오슈페리움 (우성아파트 사거리)
2410,포스코피앤에스타워 (역삼역 3번출구 부근)
2411,세곡동 성당
2412,일원1동 주민센터
2501,서초 포레스타5단지
2502,서초역1번출구 앞
2503,반포1동 서초빌딩 앞
2504,신사역 4번출구 뒤
2505,우성아파트사거리 (기업은행앞)
2506,LG유플러스 (방배사옥)
2508,양재이스타빌 앞
2509,KT반포지사
2510,JW타워
2511,이수역 6번출구 앞
2601,석촌호수 서호사거리
2603,송파 글마루 도서관
2604,삼표레미콘 앞
2605,복정역 1번 출구 앞
2606,위례동주민센터 맞은편 근린공원
2607,복정역 2번출구 후문 (장지치안센터)
2608,송파구청
2609,보성중고등학교 후문 앞
2610,여흥레이크빌 앞 (석촌호수 까페거리)
2611,송파지역자활센터 뒤
2612,문정·가락 대여소 앞
2613,잠실나들목
2614,가락고등학교 앞
2615,테라타워2
2616,거여동 사거리
2617,가락삼환아파트 앞
2618,삼전역 1번출구
2619,석촌고분역 4번출구
2620,송파나루역 4번 출구옆
2621,한성백제역 2번 출구
2622,올림픽공원역 3번출구
2701,마곡나루역 5번출구 뒤편
2702,마곡 엠밸리2단지
3100,북성초교
3101,서대문구청
3102,연희삼거리
3103,홍제삼거리 북측
3104,e편한세상 신촌4단지 앞
3105,홍은센트레빌 아파트 앞
3106,홍남교 두바퀴쉼터
3107,연희초등학교 앞
3500,군자역2번출구
3501,광진구청 앞
3502,중곡역 1번출구
3503,광진유진스웰
3504,원일교회
3505,신양초교앞 교차로
3506,영동대교 북단
3507,어린이회관
3508,화양사거리
3509,세종사이버대학교
3510,중곡SK아파트앞
3511,응봉역 1번출구
3513,상왕십리역 1번출구
3514,왕십리교회옆
3515,서울숲 관리사무소
3516,구의아리수정수센터앞
3517,용마사거리
3518,군자역 7번출구뒤
3519,용답역 1번 출구
3520,광진경찰서
3521,현대홈타운 뒷길
3522,사근삼거리
3523,건국대학교 과학관(이과대) 앞
3524,세종대학교
3525,금호스포츠센터앞
3527,왕십리 자이아파트
3528,광진정보도서관
3529,어린이대공원정문
3530,왕십리자이아파트 후문(삼거리)
3531,논골사거리(금호도서관 입구)
3532,왕십리KCC스위첸아파트
3533,건대입구역 사거리(롯데백화점)
3534,건대입구역 5번출구 뒤
3535,중곡사거리(국민은행)
3536,중앙농협(자양동)
3537,아차산 휴먼시아 아파트 옆
3538,서울숲 IT캐슬
3539,서원마을
3541,커먼그라운드
3542,래미안 구의파크 스위트
9997,강남센터
9998,영남주차장 정비센터
